--
-- PostgreSQL database dump
--

-- Dumped from database version 9.6.6
-- Dumped by pg_dump version 9.6.6

SET statement_timeout = 0;
SET lock_timeout = 0;
SET idle_in_transaction_session_timeout = 0;
SET client_encoding = 'UTF8';
SET standard_conforming_strings = on;
SET check_function_bodies = false;
SET client_min_messages = warning;
SET row_security = off;

--
-- Name: bookstore; Type: SCHEMA; Schema: -; Owner: postgres
--

-- CREATE SCHEMA bookstore;


-- ALTER SCHEMA bookstore OWNER TO postgres;

--
-- Name: plpgsql; Type: EXTENSION; Schema: -; Owner: 
--

CREATE EXTENSION IF NOT EXISTS plpgsql WITH SCHEMA pg_catalog;


--
-- Name: EXTENSION plpgsql; Type: COMMENT; Schema: -; Owner: 
--

COMMENT ON EXTENSION plpgsql IS 'PL/pgSQL procedural language';

SET search_path = public, pg_catalog;
-- SET search_path = bookstore, pg_catalog;

SET default_tablespace = '';

SET default_with_oids = false;

--
-- Name: authors; Type: TABLE; Schema: bookstore; Owner: postgres
--

CREATE TABLE authors (
    author_id character(4) NOT NULL,
    name character(25),
    url character(80)
);


ALTER TABLE authors OWNER TO postgres;

--
-- Name: books; Type: TABLE; Schema: bookstore; Owner: postgres
--

CREATE TABLE books (
    title character varying(60),
    isbn character(13) NOT NULL,
    publisher_id character(5),
    url character varying(80),
    price numeric(10,2)
);


ALTER TABLE books OWNER TO postgres;

--
-- Name: booksauthors; Type: TABLE; Schema: bookstore; Owner: postgres
--

CREATE TABLE booksauthors (
    isbn character(13) NOT NULL,
    author_id character(4) NOT NULL,
    seq_no smallint
);


ALTER TABLE booksauthors OWNER TO postgres;

--
-- Name: publishers; Type: TABLE; Schema: bookstore; Owner: postgres
--

CREATE TABLE publishers (
    publisher_id character(5),
    name character varying(30),
    url character varying(80)
);


ALTER TABLE publishers OWNER TO postgres;

--
-- Data for Name: authors; Type: TABLE DATA; Schema: bookstore; Owner: postgres
--

COPY authors (author_id, name, url) FROM stdin;
ARON	Aronson, Larry           	www.interport.net/~laronson/Homepage.html                                       
ARPA	Arpajian, Scott          	                                                                                
BEBA	Bebak, Arthur            	db.www.idgbooks.com/database/book/isbn/about-author.tmpl?query=1-56884-645-2    
BRAN	Brandon, Bill            	                                                                                
BROW	Brown, Mark              	                                                                                
CAST	Castro, Elizabeth        	www.peachpit.com/peachpit/meetus/authors/elizabeth.castro.html                  
CEAR	Cearly, Kent             	                                                                                
CHIN	Chin, Francis            	                                                                                
CHU1	Chu, Kenny               	                                                                                
DOWN	Downing, Troy            	found.cs.nyu.edu/downing/index.html                                             
DUNT	Duntemann, Jeff          	                                                                                
EWRI	Erwin, Mike              	                                                                                
EVAN	Evans, Tim               	                                                                                
FOUS	Foust, Jeff              	                                                                                
FOX1	Fox, David               	found.cs.nyu.edu/dfox/index.html                                                
GAIT	Gaither, Mark            	                                                                                
GRAH	Graham, Ian              	www.utirc.utoronto.ca/personnel/i_graham.html                                   
GROV	Groves, Dawn             	www.skycat.com/~dawng/dawn.html                                                 
HARR	Harris, Stuart           	www.esnet.com/~sirrah/www/                                                      
HASS	Hassinger, Sebastian     	                                                                                
JAME	James, Steve             	www.lanw.com/sjbio.htm                                                          
JUNG	Jung, John               	                                                                                
KARP	Karpinski, Richard       	                                                                                
KENN	Kennedy, Bill            	www.ora.com/www/item/html.author.html                                           
KERV	Kerven, David            	                                                                                
KIDD	Kidder, Gayle            	w3.thegroup.net/~zoom/author.html                                               
KNAU	Knauss, Greg             	                                                                                
KRCM	Krcma, Marianne          	                                                                                
LEJE	LeJeune, Urban           	www.charm.net/~lejeune/                                                         
LEMA	Lemay, Laura             	slack.lne.com/lemay/index.html                                                  
MEGA	Megan, Robert            	                                                                                
MOR1	Morris, Bruce            	                                                                                
MOR2	Morris, Mary             	                                                                                
MUL1	Mullen, Robert           	                                                                                
MUL2	Muller, Nathan           	www.ddx.com/authtoc.html                                                        
MUSC	Musciano, Chuck          	www.ora.com/www/item/html.author.html                                           
NEOU	Neou, Vivian             	                                                                                
PARK	Parker, Elisabeth        	                                                                                
POWE	Powell, James            	scholar.lib.vt.edu/jpowell/                                                     
RAND	Randall, Neil            	randall.uwaterloo.ca/                                                           
RAY1	Ray, Deborah             	db.www.idgbooks.com/database/book/isbn/about-author.tmpl?query=1-56884-990-7    
RAY2	Ray, Eric                	db.www.idgbooks.com/database/book/isbn/about-author.tmpl?query=1-56884-990-7    
READ	Ready, Kevin             	www.browserbydesign.com/book/main/about.htm                                     
RECK	Recker, Mimi             	                                                                                
SAVO	Savola, Tom              	                                                                                
SCHA	Scharf, Dean             	                                                                                
SCHE	Schengili, Keith         	                                                                                
SMIT	Smith, Bud               	db.www.idgbooks.com/database/book/isbn/about-author.tmpl?query=1-56884-645-2    
SOSI	Sosinsky, Barrie         	                                                                                
STAU	Stauffer, Todd           	                                                                                
TAYL	Taylor, Dave             	www.intuitive.com:80/taylor/                                                    
TITT	Tittel, Ed               	www.lanw.com/etbio.htm                                                          
WARN	Warner, Janine           	www.browserbydesign.com/book/main/about.htm                                     
ZAKO	Zakour, John             	                                                                                
\.


--
-- Data for Name: books; Type: TABLE DATA; Schema: bookstore; Owner: postgres
--

COPY books (title, isbn, publisher_id, url, price) FROM stdin;
Beyond HTML	0-07-882198-3	00788		27.95
10 Minute Guide to HTML	0-78970541-9 	07897	www.mcp.com/cgi-bin/bag?isbn=1-07897-0541-9&userID=&last=/bookstore	15.00
Advanced HTML & CGI Writer's Companion	0-12623540-6 	01262		29.95
Creating Cool Web Pages with HTML	1-56-884454-9	15688	db.www.idgbooks.com/database/book/isbn/generic-book.tmpl?query=1-56884-454-9	19.99
Creating Web Pages for Dummies	1-56884645-2 	15688	db.www.idgbooks.com/database/book/isbn/generic-book.tmpl?query=1-56884-645-2	20.00
How to Use HTML 3	1-56276390-3 	15627	www.mcp.com/169486041707673/cgi-bin/bag?isbn=1-56276-390-3&last=/bookstore	24.99
HTML 3 How-To	1-57-169050-7	15716	w3.waite.com/waite/waite/books.new/HTML_3_How_To/html/html3htcov.html	39.99
HTML 3 Interactive Course	1-57169066-2 	15716	w3.waite.com/waite/waite/books.new/HTML_3_Interactive_Course/html/h3iccov.html	39.99
HTML 3.0 Manual of Style (2nd Ed.)	1-56-276352-0	15627	www.mcp.com/zdpress/features/html3.html	24.95
HTML by Example	0-78970812-4 	07897	www.mcp.com/26417620761498/cgi-bin/bag?isbn=0-7897-0812-4&last=/bookstore	34.99
HTML CD- An Internet Publishing Toolkit - Windows Version	0-13-232331-1	01356	www.prenhall.com/013/232330/ptr/23233-0.html	40.00
HTML for Dummies 2'nd Edition	1-56-884647-9	15688	db.www.idgbooks.com/database/book/isbn/generic-book.tmpl?query=1-56884-330-5	30.00
HTML For Dummies Quick Reference	1-56884990-7 	15688	db.www.idgbooks.com/database/book/isbn/generic-book.tmpl?query=1-56884-990-7	12.99
HTML For Fun and Profit: Gold Signature Edition	0-13-242488-6	01356	www.sun.com/smi/ssoftpress/books/Morris/Morris.html	40.00
HTML for the World Wide Web: Visual Quick Start Guide	0-02188448-8 	00218	www.peachpit.com/peachpit/titles/catalog/88448.html	17.95
HTML In Action	1-55615948-X 	15561	www.microsoft.com/MSPRESS/BOOKS/DES/5-948-xA.HTM	29.95
HTML Plus!	0-53451626-2 	05345	scholar.lib.vt.edu/jpowell/htmlplus/	36.00
HTML Publishing for Netscape, Windows Edition	1-56-604288-7	15660	ephraim.vmedia.com/catalog/	39.95
HTML Publishing on the Internet	0-07-912100-4	00791		45.00
HTML Quick Reference	0-78970867-1 	07897	www.mcp.com/282320801523718/cgi-bin/bag?isbn=0-7897-0867-1&last=/bookstore	17.99
HTML Sourcebook, 2nd Ed.	0-47-114242-5	04711	www.wiley.com:80/compbooks/k19.html	30.00
HTML Visual Quick Reference	0-07-970411-0	07897	www.mcp.com/cgi-bin/bag?isbn=0-7897-0411-0&userID=75136573&last=/bookstore	15.00
HTML Web Publisher's Construction Kit	1-57-169018-2	15716	found.cs.nyu.edu/downing/htmlbook.html	36.95
Hybrid HTML Design	1-56205617-4 	15620	www.mcp.com/229881981168830/cgi-bin/bag?isbn=1-56205-617-4&last=/bookstore	35.00
More HTML For Dummies	1-56-88499-66	15688	db.www.idgbooks.com/database/book/isbn/generic-book.tmpl?query=1-56884-996-6	22.99
Netscape and HTML EXplorer	0-18-83577578	18835	www.coriolis.com/bookstor/cgbsnet/netshtml/netshtml.htm	39.99
Teach Yourself More Web Publishing with HTML in a Week	1-57-521005-3	15752	slack.lne.com/Web/Books/More_HTML/	29.99
Teach Yourself Web Publishing with HTML 3.0 in a Week, 2e	1-57-521064-9	15752	www.mcp.com/cgi-bin/bag?isbn=1-57521-064-9&last=/bookstore	29.99
Teach Yourself Web Publishing with HTML 3.2 in 14 Days	1-57-521096-7	15752	www.mcp.com/274423342580643/cgi-bin/bag?isbn=1-57521-096-7&last=/bookstore	59.99
The Web Page Recipe Book	0-13460296-X 	01356	www.prenhall.com/~ray/013/460295/ptr/46029-5.html	29.95
The Web Page Workbook	1-88790205-8 	18879	www.fbeedle.com/bookinfo/05-8.html	19.95
Using HTML	0-78-970622-9	07897	www.mcp.com/2738492176554/cgi-bin/bag?isbn=0-7897-0622-9&last=/bookstore	24.99
HTML: The Definitive Guide	1-56-592175-5	15659	www.ora.com/www/item/html.html	29.95
Web Site Wizardry	1-88-357787-X	18835		34.99
Webmaster's Guide to HTML	0-07-912273-6	00791	www.ddx.com/htmltoc.html	34.95
Using HTML Special Edition	0-78-970758-6	07897	www.mcp.com/que	49.99
Foundations of WWW Programming with HTML and CGI	1-56884703-3 	15688		39.99
\.


--
-- Data for Name: booksauthors; Type: TABLE DATA; Schema: bookstore; Owner: postgres
--

COPY booksauthors (isbn, author_id, seq_no) FROM stdin;
0-07-882198-3	KARP	1
0-78970541-9 	EVAN	1
0-12623540-6 	SCHE	1
1-56-884454-9	TAYL	1
1-56884645-2 	SMIT	1
1-56884645-2 	BEBA	2
1-56884703-3 	TITT	1
1-56884703-3 	GAIT	2
1-56884703-3 	HASS	3
1-56884703-3 	ERWI	4
1-56276390-3 	ARPA	1
1-57-169050-7	KERV	1
1-57-169050-7	FOUS	2
1-57-169050-7	ZAKO	3
1-57169066-2 	CEAR	1
1-56-276352-0	ARON	1
0-78970812-4 	STAU	1
0-13-232331-1	NEOU	1
0-13-232331-1	RECK	1
1-56-884647-9	TITT	1
1-56-884647-9	JAME	2
1-56884990-7 	RAY1	1
1-56884990-7 	RAY2	2
0-13-242488-6	MOR2	1
0-02188448-8 	CAST	1
1-55615948-X 	MOR1	1
0-53451626-2 	POWE	1
1-56-604288-7	HARR	1
1-56-604288-7	KIDD	2
0-07-912100-4	CHU1	1
0-07-912100-4	CHIN	2
0-78970867-1 	MUL1	1
0-47-114242-5	GRAH	1
0-07-970411-0	SCHA	1
1-57-169018-2	FOX1	1
1-57-169018-2	DOWN	2
1-56-592175-5	MUSC	1
1-56-592175-5	KENN	2
1-56205617-4 	READ	1
1-56205617-4 	WARN	2
1-56-88499-66	TITT	1
0-18-83577578	LEJE	1
0-18-83577578	DUNT	2
1-57-521005-3	LEMA	1
1-57-521064-9	LEMA	1
1-57-521096-7	LEMA	1
0-13460296-X 	SOSI	1
0-13460296-X 	PARK	2
1-88790205-8 	GROV	1
0-78-970622-9	RAND	1
0-78-970622-9	JUNG	1
0-78-970622-9	KNAU	1
0-78-970622-9	SAVO	1
1-88-357787-X	BROW	2
1-88-357787-X	JUNG	3
1-88-357787-X	BRAN	4
1-88-357787-X	MEGA	1
1-88-357787-X	SAVO	1
0-07-912273-6	KRCM	1
0-78-970758-6	MUL2	1
\.


--
-- Data for Name: publishers; Type: TABLE DATA; Schema: bookstore; Owner: postgres
--

COPY publishers (publisher_id, name, url) FROM stdin;
01262	Academic Press	www.apnet.com/
18835	Coriolis	www.coriolis.com/
18879	Franklin, Beedle & Associates	www.fbeedle.com/
15688	IDG Books	www.idgbooks.com/
05345	Integrated Media Group	www.thomson.com/rcenters/img/img.html
00791	McGraw-Hill	www.mcgraw-hill.com/
15561	Microsoft Press	www.microsoft.com/mspress/
15660	Netscape Press	www.netscapepress.com/
15620	New Riders	www.mcp.com/newriders/
15659	O'Reilly	www.ora.com/
00788	Osborne/McGraw-Hill	www.osborne.com
00218	Peachpit Press	www.peachpit.com/
01356	Prentice Hall	www.prenhall.com/
07897	Que	www.mcp.com/que/
15752	Sams.net	www.mcp.com/samsnet/
15716	Waite	www.waite.com/waite/
04711	Wiley	www.wiley.com/
15627	Ziff-Davis	www.mcp.com/zdpress/
\.


--
-- PostgreSQL database dump complete
--

